{
  "alunos": [
    {
      "id": "A100893",
      "nome": "Luís de Castro Rodrigues Caetano",
      "gitlink": "https://github.com/056zedelta/EngWeb2024.git"
    },
    {
      "id": "A100701",
      "nome": "Pedro Duarte Nobre Viana",
      "gitlink": "https://github.com/dvianaa/EngWeb2024"
    },
    {
      "id": "A100758",
      "nome": "Hugo Arantes Dias",
      "gitlink": "https://github.com/hugodiasUM/EngWeb2024/tree/main"
    },
    {
      "id": "A100615",
      "nome": "João Miguel Mendes Moura",
      "gitlink": "https://github.com/joaomoura12/EngWeb2024"
    },
    {
      "id": "A100759",
      "nome": "Pedro Afonso Moreira Lopes",
      "gitlink": "https://github.com/LerdoPopes/EngWeb2024/tree/main/TPC1"
    },
    {
      "id": "A94015",
      "nome": "João Daniel da Silva Carvalho",
      "gitlink": "https://github.com/joodanic/EngWeb2024"
    },
    {
      "id": "A95345",
      "nome": "Eduardo Miguel Pacheco Silva",
      "gitlink": "https://github.com/dud4s/EngWeb2024"
    },
    {
      "id": "A100660",
      "nome": "Francisco Macedo Ferreira",
      "gitlink": "https://github.com/chicoferreira/EngWeb2024"
    },
    {
      "id": "A96208",
      "nome": "Rafael João Ferreira Gomes",
      "gitlink": "RafaGomes1/EngWeb2024 (github.com)"
    },
    {
      "id": "A97455",
      "nome": "Henrique Nuno Marinho Malheiro",
      "gitlink": "https://github.com/a97455/EngWeb2024"
    },
    {
      "id": "pg47650",
      "nome": "Tiago Miguel Queirós Barata",
      "gitlink": "github.com",
      "tpc1": "1",
      "tpc2": "1"
    }
  ]
}